{"cameraMode":{"drawMode":0,"name":"Shaded","section":"Shading Mode"},"sceneLighting":true,"audioPlay":false,"sceneViewState":{"m_AlwaysRefresh":false,"showFog":true,"showSkybox":true,"showFlares":true,"showImageEffects":true,"showParticleSystems":true,"showVisualEffectGraphs":true,"m_FxEnabled":true},"in2DMode":false,"pivot":{"x":0.017395272850990297,"y":1.0340759754180909,"z":5.453049659729004},"rotation":{"x":0.09554466605186463,"y":0.003581517841666937,"z":0.0003415892133489251,"w":-0.9954307079315186},"size":2.731964111328125,"orthographic":false}