{"cameraMode":{"drawMode":0,"name":"Shaded","section":"Shading Mode"},"sceneLighting":true,"audioPlay":false,"sceneViewState":{"m_AlwaysRefresh":false,"showFog":true,"showSkybox":true,"showFlares":true,"showImageEffects":true,"showParticleSystems":true,"showVisualEffectGraphs":true,"m_FxEnabled":true},"in2DMode":false,"pivot":{"x":-0.0000011622905731201172,"y":-0.0000022649765014648439,"z":9.999998092651368},"rotation":{"x":-0.05578082054853439,"y":0.002093865070492029,"z":-0.00011719359463313594,"w":-0.9984447956085205},"size":1.3447154760360718,"orthographic":false}