{"cameraMode":{"drawMode":0,"name":"Shaded","section":"Shading Mode"},"sceneLighting":false,"audioPlay":false,"sceneViewState":{"m_AlwaysRefresh":false,"showFog":true,"showSkybox":false,"showFlares":true,"showImageEffects":true,"showParticleSystems":true,"showVisualEffectGraphs":true,"m_FxEnabled":true},"in2DMode":false,"pivot":{"x":-0.6122481822967529,"y":-0.12683123350143434,"z":-1.4168384075164796},"rotation":{"x":-0.17901165783405305,"y":0.5217106938362122,"z":-0.11300520598888397,"w":-0.8264427185058594},"size":0.22320184111595155,"orthographic":false}