{"cameraMode":{"drawMode":0,"name":"Shaded","section":"Shading Mode"},"sceneLighting":true,"audioPlay":false,"sceneViewState":{"m_AlwaysRefresh":false,"showFog":true,"showSkybox":true,"showFlares":true,"showImageEffects":true,"showParticleSystems":true,"showVisualEffectGraphs":true,"m_FxEnabled":true},"in2DMode":false,"pivot":{"x":-0.5407880544662476,"y":-8.573761940002442,"z":17.958864212036134},"rotation":{"x":0.24957185983657838,"y":-0.023243362084031106,"z":0.005990097299218178,"w":0.9680693745613098},"size":11.037946701049805,"orthographic":false}