{"cameraMode":{"drawMode":0,"name":"Shaded","section":"Shading Mode"},"sceneLighting":true,"audioPlay":false,"sceneViewState":{"m_AlwaysRefresh":false,"showFog":true,"showSkybox":true,"showFlares":true,"showImageEffects":true,"showParticleSystems":true,"showVisualEffectGraphs":true,"m_FxEnabled":true},"in2DMode":false,"pivot":{"x":2.470263719558716,"y":4.247646808624268,"z":19.57587432861328},"rotation":{"x":0.0893961563706398,"y":-0.062111690640449527,"z":-0.005585861392319202,"w":-0.9940440058708191},"size":12.032967567443848,"orthographic":false}